101年度綜稅所得總額各縣市鄉鎮村里統計分析表-縣市別：臺北市,單位：金額(千元),,,,,,,,
鄉鎮市區,村里,納稅單位,綜合所得總額,平均數,中位數,第一分位數,第三分位數,標準差,變異係數
松山區,中崙里,1427,1782134,1249,823,433,1559,1609.98,128.92
松山區,自強里,3106,3928427,1265,794,399,1563,2220.01,175.52
松山區,鵬程里,1886,2263933,1200,734,400,1531,1427.61,118.93
松山區,東榮里,3069,5400462,1760,919,422,1934,4626.98,262.94
松山區,介壽里,1573,2474183,1573,896,446,1860,2701.24,171.74
松山區,東勢里,1654,2311566,1398,789,389,1660,3742.98,267.82
松山區,東光里,2662,3425275,1287,791,404,1557,1939.93,150.76
松山區,中正里,3476,6774763,1949,997,474,2004,7713.95,395.79
松山區,復盛里,2281,2515186,1103,718,381,1338,2001.71,181.53
松山區,復勢里,2340,2970885,1270,791,418,1540,1806.13,142.26
松山區,美仁里,1243,1848226,1487,861,434,1809,2140.18,143.93
松山區,吉仁里,1471,1970596,1340,796,412,1653,2015.94,150.49
松山區,精忠里,1568,3813966,2432,961,463,1876,15806.59,649.84
松山區,東昌里,999,6591232,6598,917,429,1836,137295.73,2080.92
松山區,福成里,1003,2201050,2194,897,434,1885,13912.72,633.99
松山區,中華里,2333,4835049,2072,982,474,2195,7310.93,352.77
松山區,吉祥里,3153,3940328,1250,762,401,1491,1963.81,157.14
松山區,新東里,1788,2010390,1124,750,408,1392,1334.45,118.68
松山區,三民里,2540,3652162,1438,800,396,1602,3650.89,253.91
松山區,復建里,1575,2048697,1301,847,429,1714,1399.7,107.61
松山區,敦化里,2584,3708470,1435,838,441,1668,3103.72,216.26
松山區,安平里,2868,2803414,977,671,372,1233,1167.79,119.47
松山區,富錦里,1855,2711635,1462,749,393,1476,6546.88,447.86
松山區,莊敬里,1799,1660407,923,688,379,1215,863.32,93.54
松山區,新益里,1710,1835397,1073,714,390,1349,1328.28,123.75
松山區,富泰里,1697,2158151,1272,804,412,1545,2313.81,181.94
松山區,龍田里,3590,5248692,1462,979,460,1855,2260.56,154.62
松山區,慈祐里,2284,2052600,899,638,362,1086,933.99,103.93
松山區,復源里,1140,1551114,1361,742,386,1476,5534.63,406.77
松山區,民福里,2261,2511862,1111,711,372,1431,1690.49,152.17
松山區,松基里,1446,2704003,1870,822,391,1759,6997.47,374.2
松山區,新聚里,2905,3316073,1142,710,384,1320,2400.2,210.27
松山區,民有里,3480,5934336,1705,805,404,1706,5211.89,305.63
松山區,其　他,133,128450,966,540,305,944,1852.45,191.81
松山區,合　計,70899,105083113,1482,798,409,1593,16939.44,1142.89
大安區,建安里,2032,3314467,1631,811,393,1708,3580.37,219.5
大安區,通安里,1963,2280170,1162,698,375,1382,1687.31,145.26
大安區,民輝里,2672,7707147,2884,921,427,2034,17593.64,609.96
大安區,德安里,2073,3659186,1765,838,409,1830,3491.63,197.81
大安區,敦安里,2401,5021081,2091,975,461,2016,5192.83,248.31
大安區,光明里,1237,2718897,2198,1042,471,2060,10492.95,477.39
大安區,永康里,1314,2022230,1539,900,446,1822,2099.02,136.39
大安區,福住里,2279,4441432,1949,1036,477,2076,5196.03,266.62
大安區,仁愛里,2243,6586206,2936,946,414,2201,14485.37,493.31
大安區,義村里,2202,2866270,1302,747,383,1502,2564.22,197
大安區,臥龍里,705,1059328,1503,817,424,1652,3133.16,208.52
大安區,通化里,2084,2343498,1125,653,368,1278,2159.98,192.08
大安區,龍生里,2406,3844288,1598,974,482,1954,2512.94,157.28
大安區,新龍里,2357,3360532,1426,896,435,1834,2060.55,144.52
大安區,住安里,1773,2493547,1406,752,398,1395,3524.65,250.62
大安區,錦泰里,1342,2506026,1867,893,415,1900,14663.62,785.25
大安區,建倫里,2401,5310577,2212,885,413,1999,9323.07,421.51
大安區,錦華里,1907,3081462,1616,1030,482,1922,4604.94,284.98
大安區,光武里,2928,4256232,1454,793,384,1568,3565.68,245.29
大安區,仁慈里,1971,5200838,2639,993,473,2215,18690.37,708.32
大安區,黎孝里,2668,2843141,1066,725,389,1355,1245.28,116.86
大安區,民炤里,3162,6972734,2205,969,421,2005,7524.08,341.2
大安區,昌隆里,1238,1805010,1458,828,400,1776,2661.52,182.55
大安區,黎和里,1661,1810037,1090,744,417,1376,1396.39,128.14
大安區,龍雲里,1849,3784560,2047,866,408,1848,13478.27,658.5
大安區,芳和里,1967,2564820,1304,714,396,1364,6718.62,515.26
大安區,龍安里,2259,4557724,2018,1033,475,2163,5096.34,252.6
大安區,義安里,2083,5742991,2757,942,437,2112,15528.49,563.22
大安區,虎嘯里,1408,2390107,1698,818,398,1652,7845.1,462.15
大安區,龍淵里,3214,4963868,1544,949,468,1926,2996.18,194
大安區,龍坡里,2098,3371457,1607,1015,474,2033,2287.73,142.36
大安區,龍門里,1624,3319109,2044,1042,461,2161,5425.52,265.46
大安區,敦煌里,2309,3846866,1666,901,424,1868,2957.66,177.53
大安區,羣賢里,2296,3702710,1613,826,398,1692,4013,248.84
大安區,車層里,2504,4611698,1842,860,414,1919,4249.5,230.73
大安區,光信里,2778,4457612,1605,830,421,1692,3841.11,239.38
大安區,和安里,2403,9146577,3806,1008,466,2026,43398.95,1140.18
大安區,正聲里,1865,3340407,1791,823,412,1831,4645.08,259.34
大安區,誠安里,1620,2542885,1570,745,352,1387,15110.23,962.63
大安區,華聲里,1562,2638305,1689,832,418,1793,7269.33,430.38
大安區,臨江里,1312,1240749,946,641,365,1143,999.49,105.69
大安區,龍陣里,1316,2142320,1628,931,473,1752,3222.15,197.93
大安區,龍圖里,2579,3951543,1532,879,423,1760,2406.61,157.07
大安區,古莊里,2588,3701864,1430,857,446,1741,2445.11,170.94
大安區,錦安里,2156,4050133,1879,1022,476,2071,4086.25,217.52
大安區,大學里,3143,4821679,1534,929,445,1846,2348.62,153.09
大安區,古風里,1544,2425358,1571,917,440,1846,3984.46,253.65
大安區,全安里,1731,4387141,2534,889,440,1865,24478.96,965.85
大安區,黎元里,1717,1450737,845,629,370,1089,818.12,96.83
大安區,法治里,1649,2241370,1359,781,402,1580,2282.26,167.91
大安區,龍泉里,1769,2646318,1496,902,421,1756,4404.02,294.4
大安區,羣英里,2486,3127288,1258,820,401,1606,2564.44,203.86
大安區,學府里,810,994145,1227,745,400,1586,1320.27,107.57
大安區,其　他,458,608420,1328,600,299,1303,3660.46,275.55
大安區,合　計,108116,190275097,1760,859,421,1770,9966.32,566.3
中正區,南門里,941,1598396,1699,871,415,1721,4162.87,245.07
中正區,龍興里,1196,1381820,1155,795,422,1454,1382.68,119.67
中正區,愛國里,1154,1410887,1223,774,417,1447,1843.65,150.8
中正區,龍光里,1203,1604657,1334,899,455,1708,1572.52,117.89
中正區,河堤里,1652,1931602,1169,778,426,1448,1702.48,145.6
中正區,龍福里,2131,2759523,1295,919,451,1699,1427.13,110.21
中正區,螢雪里,1531,1466633,958,652,377,1218,1001.7,104.57
中正區,永昌里,1485,1297599,874,614,346,1108,1021.11,116.86
中正區,文盛里,952,1189659,1250,830,411,1592,1357.24,108.61
中正區,忠勤里,1742,1239334,711,535,322,898,622.28,87.47
中正區,永功里,2077,2295019,1105,711,391,1311,2659.43,240.68
中正區,螢圃里,1947,2110519,1084,679,378,1317,1667.68,153.85
中正區,幸市里,1788,3614213,2021,877,416,1845,4592.86,227.21
中正區,文祥里,2700,4218465,1562,1009,449,2038,1878.74,120.25
中正區,黎明里,1097,1614904,1472,848,432,1603,3951.84,268.45
中正區,建國里,501,760340,1518,923,421,1822,2038.87,134.34
中正區,光復里,1244,1999824,1608,738,404,1399,7621.48,474.1
中正區,東門里,1445,6483622,4487,863,429,1796,107839.58,2403.41
中正區,板溪里,1203,1336356,1111,761,406,1408,1204.51,108.43
中正區,文北里,2111,5277216,2500,982,451,2127,11007.19,440.31
中正區,梅花里,1308,1891372,1446,820,407,1598,2927.81,202.48
中正區,廈安里,1310,1541974,1177,764,429,1487,1390.74,118.15
中正區,網溪里,2052,2360627,1150,761,398,1428,1311.17,113.97
中正區,林興里,1543,1916982,1242,793,399,1524,1889.98,152.13
中正區,幸福里,1671,2469795,1478,840,418,1641,2752.18,186.21
中正區,水源里,1065,1122484,1054,695,392,1266,1380.44,130.97
中正區,富水里,815,1005573,1234,757,389,1504,1551.55,125.75
中正區,頂東里,2207,2660895,1206,791,423,1506,1464.77,121.49
中正區,新營里,3026,5019740,1659,1070,514,2062,2670.82,161
中正區,南福里,3376,5262584,1559,996,490,1980,2305.33,147.89
中正區,三愛里,3049,6019581,1974,886,413,1875,17314.08,876.98
中正區,其　他,202,259606,1285,552,270,1272,2497.57,194.34
中正區,合　計,51724,77121801,1491,809,414,1598,18793.58,1260.45
萬華區,柳鄉里,1432,1093486,764,543,330,912,1019.66,133.53
萬華區,雙園里,1422,1343159,945,622,351,1098,1194.83,126.5
萬華區,糖廍里,1697,1489721,878,609,356,1066,960.22,109.38
萬華區,西門里,1218,1193777,980,637,356,1049,2646,269.97
萬華區,仁德里,1676,1899637,1133,668,371,1360,1671.47,147.47
萬華區,新起里,2249,2445848,1088,648,367,1209,2970.68,273.16
萬華區,日善里,1092,866042,793,597,362,1050,688.13,86.77
萬華區,菜園里,1813,1570352,866,608,338,1017,1092.61,126.14
萬華區,頂碩里,2263,1986748,878,611,360,1050,1170.93,133.37
萬華區,福音里,1138,1435386,1261,626,343,1043,9005.01,713.93
萬華區,華中里,1764,1464814,830,590,352,1049,950.5,114.46
萬華區,青山里,1481,1230935,831,572,319,999,1088.68,130.98
萬華區,新和里,2471,2315014,937,661,369,1180,1069.65,114.17
萬華區,新安里,1668,1314444,788,546,338,984,853.39,108.29
萬華區,富民里,1460,1152824,790,568,334,1000,838.62,106.21
萬華區,富福里,1466,1589626,1084,613,336,1081,2713.6,250.26
萬華區,綠堤里,1028,700947,682,531,334,848,630.91,92.53
萬華區,忠貞里,1291,1037624,804,577,337,986,789.25,98.2
萬華區,日祥里,1567,1379647,880,610,376,1070,895.87,101.75
萬華區,忠德里,1227,971928,792,582,339,1038,708.03,89.38
萬華區,孝德里,940,735186,782,580,360,975,697.76,89.22
萬華區,保德里,986,962322,976,622,357,1093,1771.52,181.51
萬華區,全德里,1255,1175559,937,645,373,1131,1259.15,134.42
萬華區,興德里,1140,894783,785,598,344,977,723.85,92.22
萬華區,壽德里,1582,1404244,888,635,365,1100,861.08,97.01
萬華區,凌霄里,1016,784941,773,599,354,977,658.45,85.23
萬華區,和平里,1888,1373459,727,547,334,916,633.36,87.06
萬華區,騰雲里,969,909980,939,616,361,1139,1691.76,180.15
萬華區,榮德里,951,734819,773,593,345,990,674.62,87.31
萬華區,福星里,1519,1440711,948,615,361,1106,1270.96,134
萬華區,和德里,1664,1208972,727,532,332,916,685.48,94.35
萬華區,萬壽里,1051,1095151,1042,639,319,1155,1532.67,147.09
萬華區,銘德里,1399,1154052,825,601,344,1015,783.14,94.94
萬華區,華江里,2408,1872087,777,563,329,952,803.1,103.3
萬華區,錦德里,1579,1248565,791,588,336,974,845.18,106.89
萬華區,新忠里,938,785440,837,582,345,1079,838.5,100.14
萬華區,其　他,262,190674,728,484,299,875,856.02,117.62
萬華區,合　計,52970,46452903,877,598,346,1041,1848.43,210.78
大同區,建泰里,1326,1370783,1034,680,372,1244,1300.6,125.81
大同區,建明里,1244,1419838,1141,595,333,1162,3070.27,269
大同區,雙連里,2968,2776696,936,635,355,1139,1292.76,138.18
大同區,建功里,1422,1377405,969,619,348,1135,1831.16,189.04
大同區,景星里,760,555214,731,568,334,920,666.78,91.27
大同區,星明里,1885,2085258,1106,688,379,1259,1989.93,179.88
大同區,朝陽里,1430,1628668,1139,642,340,1205,2668.7,234.32
大同區,大有里,1715,1721888,1004,606,328,1154,1698.57,169.18
大同區,斯文里,1624,1491023,918,584,349,1067,1336,145.52
大同區,揚雅里,1122,1143346,1019,588,341,1055,2065.05,202.65
大同區,國順里,794,558208,703,528,334,851,631.64,89.84
大同區,國慶里,1476,1532891,1039,690,377,1340,1177.23,113.35
大同區,隆和里,933,868266,931,609,362,1076,1227.52,131.9
大同區,南芳里,1282,1173931,916,621,339,1104,1039.32,113.5
大同區,鄰江里,2001,1631385,815,576,339,1009,851.89,104.49
大同區,玉泉里,1104,1222315,1107,668,375,1179,2255.15,203.69
大同區,光能里,1644,1528727,930,618,353,1124,1238.47,133.19
大同區,重慶里,2213,2368670,1070,689,390,1277,1793.87,167.6
大同區,至聖里,2653,2515768,948,619,347,1109,1809.54,190.82
大同區,老師里,1772,1479872,835,600,354,1034,823.49,98.6
大同區,蓬萊里,1661,1710542,1030,634,362,1193,1542.92,149.82
大同區,民權里,2040,2359524,1157,720,397,1320,2710.78,234.37
大同區,文昌里,6,4940,823,513,328,877,864.82,105.04
大同區,延平里,1286,1588931,1236,602,330,1123,6621.66,535.92
大同區,永樂里,1965,2944596,1499,658,350,1212,7305.34,487.5
大同區,保安里,1272,1366530,1074,613,341,1072,3891.37,362.22
大同區,其　他,160,130390,815,423,251,834,1340.25,164.46
大同區,合　計,39758,40555607,1020,627,352,1145,2685.13,263.23
中山區,聚盛里,1349,1346876,998,600,333,1049,2896.18,290.07
中山區,大佳里,282,226529,803,512,304,938,927.6,115.47
中山區,恆安里,1555,1841548,1184,663,370,1205,4671.31,394.44
中山區,集英里,2252,2680976,1190,672,359,1247,4058.04,340.87
中山區,正守里,1227,1446594,1179,707,372,1335,1843.18,156.34
中山區,正義里,1636,1517062,927,608,336,1102,1248.23,134.61
中山區,新生里,1625,1450708,893,606,348,1093,962.67,107.83
中山區,松江里,2369,7428157,3136,735,386,1429,57769.95,1842.41
中山區,江山里,2810,3360526,1196,731,394,1403,1909.48,159.67
中山區,中山里,2169,2158074,995,630,344,1143,2152,216.29
中山區,成功里,2460,6788058,2759,1179,542,2545,8502.27,308.12
中山區,下埤里,2842,3196377,1125,703,391,1254,2210.58,196.55
中山區,中原里,1835,2157526,1176,708,377,1336,2672.56,227.3
中山區,新庄里,1613,1424684,883,607,354,1046,1464.88,165.85
中山區,江寧里,2629,3401578,1294,753,383,1516,2160.69,166.99
中山區,復華里,1738,2734456,1573,791,412,1698,3258.01,207.08
中山區,興亞里,2055,2798432,1362,715,377,1442,3510.99,257.83
中山區,朱園里,1724,3103342,1800,798,417,1510,5875.35,326.39
中山區,中央里,1286,1395359,1085,706,373,1281,1525.59,140.6
中山區,新福里,1740,1632987,938,625,342,1114,2319.56,247.16
中山區,中庄里,1714,1607612,938,623,332,1121,1388.37,148.03
中山區,康樂里,940,1149103,1222,693,345,1292,3620.81,296.19
中山區,行政里,1944,1945533,1001,652,346,1158,2509.86,250.79
中山區,聚葉里,1313,1347068,1026,653,363,1195,1746.3,170.21
中山區,正得里,1375,1964469,1429,676,363,1359,5853.02,409.67
中山區,中吉里,2051,2995754,1461,775,400,1522,3508.68,240.22
中山區,新喜里,1823,1831716,1005,623,365,1142,3095.99,308.13
中山區,埤頭里,1295,1379631,1065,672,381,1201,2444.02,229.41
中山區,大直里,3344,4123456,1233,768,415,1520,1861.66,150.98
中山區,劍潭里,1161,1293659,1114,731,404,1297,1826.34,163.91
中山區,力行里,2315,4374327,1890,806,397,1617,5248.36,277.76
中山區,朱崙里,1101,1404073,1275,721,388,1440,1854.04,145.38
中山區,晴光里,1832,2564153,1400,676,361,1290,6630.14,473.7
中山區,永安里,3483,7499329,2153,1026,472,2224,4713.82,218.93
中山區,圓山里,1457,1617088,1110,613,342,1083,4369.12,393.66
中山區,民安里,1734,2136759,1232,668,355,1326,2498.73,202.77
中山區,行孝里,1346,1225455,910,647,378,1143,961.67,105.63
中山區,龍洲里,1859,2264222,1218,724,383,1434,2039,167.41
中山區,行仁里,2622,2297402,876,627,361,1100,953.56,108.83
中山區,朱馥里,2058,2251213,1094,665,378,1253,1743.2,159.36
中山區,金泰里,2514,5808013,2310,1028,514,1997,9913.58,429.11
中山區,北安里,934,1131559,1212,764,426,1467,1785.07,147.34
中山區,其　他,133,173125,1302,470,300,858,4033.24,309.85
中山區,合　計,77544,106474571,1373,713,381,1372,10803.9,786.83
文山區,景美里,1737,2078391,1197,785,425,1483,1380.54,115.38
文山區,景行里,2029,2191015,1080,751,397,1350,1247.35,115.51
文山區,景仁里,1608,1849756,1150,776,413,1509,1290.02,112.14
文山區,萬有里,1811,2146804,1185,795,419,1538,1405.3,118.55
文山區,景慶里,2048,2109565,1030,711,395,1291,1182.46,114.8
文山區,萬隆里,2515,2906880,1156,794,421,1583,1164.04,100.71
文山區,萬祥里,1574,1643143,1044,758,409,1444,975.32,93.43
文山區,萬年里,1848,2459370,1331,761,389,1484,6954.15,522.54
文山區,萬盛里,1638,1825254,1114,777,411,1469,1208.77,108.48
文山區,萬和里,980,1179105,1203,828,432,1446,2019.75,167.87
文山區,興福里,1897,1954437,1030,718,407,1356,1034.84,100.44
文山區,興得里,1942,1978134,1019,704,385,1308,1107.75,108.75
文山區,興豐里,1670,2132935,1277,796,438,1585,1670.31,130.78
文山區,興旺里,2733,2777448,1016,749,439,1307,1021.07,100.47
文山區,興光里,1142,1314969,1151,729,409,1400,1461.17,126.9
文山區,興安里,2249,2872222,1277,807,422,1565,1736.38,135.96
文山區,興昌里,2418,3643553,1507,900,466,1713,6037.52,400.67
文山區,興泰里,1355,1505309,1111,754,414,1353,1266.39,113.99
文山區,興業里,1935,2113747,1092,768,419,1383,1379.86,126.32
文山區,景東里,2318,2573025,1110,813,436,1435,1096.38,98.77
文山區,景華里,1915,2114787,1104,743,407,1391,1378.01,124.78
文山區,興家里,2459,2590808,1054,697,406,1271,2668.13,253.24
文山區,萬芳里,2680,2940446,1097,746,415,1401,1200.77,109.44
文山區,木柵里,2835,4034642,1423,813,416,1611,3111.48,218.63
文山區,博嘉里,1776,2344145,1320,750,419,1459,5795.62,439.1
文山區,樟腳里,1869,2342625,1253,755,421,1527,1569.32,125.2
文山區,老泉里,185,144577,781,565,322,951,868.16,111.09
文山區,木新里,2808,2816248,1003,650,370,1194,2071.46,206.54
文山區,指南里,1033,1218443,1180,734,405,1495,1312.35,111.26
文山區,華興里,2799,3857964,1378,829,428,1631,2234.41,162.11
文山區,順興里,2355,2343506,995,664,384,1230,1390.75,139.76
文山區,萬興里,2771,4198788,1515,883,459,1872,2353.06,155.29
文山區,明興里,2363,2524066,1068,772,425,1381,1029.97,96.42
文山區,明義里,905,917762,1014,584,328,1203,1234.8,121.76
文山區,試院里,2335,2795659,1197,792,425,1434,3662.53,305.9
文山區,樟新里,2079,2678229,1288,818,451,1513,1889.59,146.68
文山區,樟林里,2831,2960053,1046,728,420,1326,1283.49,122.75
文山區,忠順里,1287,1600842,1244,818,431,1574,1491.52,119.91
文山區,萬美里,2245,3315561,1477,752,408,1607,4396.89,297.72
文山區,興邦里,1432,1538535,1074,767,422,1395,1145.35,106.6
文山區,樟樹里,1416,1492853,1054,706,410,1265,1686.35,159.95
文山區,政大里,2082,3849431,1849,1274,566,2298,2538.71,137.31
文山區,樟文里,1853,1882863,1016,697,390,1259,1078.82,106.17
文山區,其　他,312,295183,946,550,322,1065,1071.07,113.21
文山區,合　計,84072,100053077,1190,765,416,1457,2479.31,208.33
南港區,南港里,1957,1789290,914,635,378,1143,896.57,98.06
南港區,三重里,1842,2621566,1423,828,432,1649,2476.41,174
南港區,新富里,1248,1082394,867,635,375,1061,838.56,96.69
南港區,中研里,3047,3183629,1045,704,409,1292,1209.47,115.76
南港區,鴻福里,1577,1619146,1027,692,387,1241,1278.55,124.53
南港區,東新里,2375,2204844,928,643,377,1162,966.31,104.09
南港區,西新里,1606,1330592,829,586,345,1021,862.87,104.15
南港區,新光里,1288,1373844,1067,617,360,1108,6776.56,635.31
南港區,百福里,1734,1457138,840,615,360,1039,941.55,112.05
南港區,玉成里,1612,1494598,927,671,386,1190,1046,112.82
南港區,成福里,2488,2315336,931,660,397,1177,996.06,107.03
南港區,中南里,1175,907052,772,573,353,975,727.06,94.18
南港區,舊庄里,2735,2213125,809,603,372,1020,743.3,91.86
南港區,九如里,1977,1748932,885,635,369,1142,832.22,94.07
南港區,東明里,1770,2027437,1145,753,408,1388,1306.48,114.06
南港區,合成里,2338,2796422,1196,685,385,1259,2450,204.84
南港區,聯成里,1752,1587355,906,653,384,1159,833.04,91.94
南港區,萬福里,1458,1452716,996,671,382,1212,1292.3,129.7
南港區,仁福里,1778,2072675,1166,689,410,1294,7290.42,625.39
南港區,重陽里,1527,2662941,1744,1146,570,2163,2158.01,123.75
南港區,其　他,137,109083,796,498,298,808,1008.46,126.65
南港區,合　計,37421,38050114,1017,666,387,1209,2406.24,236.65
內湖區,紫陽里,2846,3401428,1195,786,419,1516,1442.45,120.69
內湖區,紫星里,2698,2853423,1058,690,391,1260,1450.49,137.15
內湖區,湖興里,2759,3183250,1154,762,422,1376,1628.7,141.16
內湖區,大湖里,2043,3810918,1865,945,487,1783,11897.1,637.79
內湖區,紫雲里,1773,1808830,1020,712,391,1330,1029.76,100.94
內湖區,瑞陽里,2628,3212373,1222,773,427,1513,1605.56,131.35
內湖區,清白里,3007,4523727,1504,927,473,1899,2012.1,133.75
內湖區,港墘里,2104,2491173,1184,775,416,1491,1478.59,124.88
內湖區,西湖里,2575,2542484,987,677,395,1187,1594.66,161.51
內湖區,石潭里,1144,1516335,1325,795,434,1439,2213.43,166.99
內湖區,葫洲里,2657,4058886,1528,992,492,1898,2081.27,136.24
內湖區,五分里,3234,2971527,919,691,406,1174,842.48,91.69
內湖區,內湖里,2162,2448503,1133,748,388,1383,1516.77,133.93
內湖區,週美里,2407,3175241,1319,717,396,1460,3306.05,250.62
內湖區,內溝里,1508,1525532,1012,721,388,1269,1113.49,110.07
內湖區,碧山里,2265,2513053,1110,699,404,1325,2123.53,191.39
內湖區,瑞光里,1560,1664052,1067,727,425,1346,1262.22,118.33
內湖區,金龍里,1816,1694382,933,671,393,1177,1223.94,131.18
內湖區,行善里,2169,1925575,888,638,381,1142,851.25,95.89
內湖區,湖濱里,2826,4120929,1458,842,427,1690,2339.81,160.46
內湖區,東湖里,2715,2517670,927,663,387,1191,938.79,101.24
內湖區,樂康里,2746,2456604,895,677,413,1153,767.71,85.82
內湖區,西安里,2430,2679248,1103,732,415,1389,1435.46,130.19
內湖區,西康里,3292,4345994,1320,792,420,1550,2234.68,169.27
內湖區,港富里,3056,3532047,1156,708,380,1389,1782.07,154.19
內湖區,港華里,3037,3466261,1141,714,418,1387,1728.53,151.45
內湖區,港都里,1910,2254003,1180,711,397,1403,2107.98,178.63
內湖區,金瑞里,2277,2391507,1050,689,404,1269,2202.25,209.68
內湖區,湖元里,2039,2412723,1183,718,404,1372,1848.96,156.26
內湖區,安湖里,2449,2840386,1160,762,413,1429,1810.38,156.09
內湖區,秀湖里,2270,3627537,1598,883,436,1837,2985.56,186.83
內湖區,安泰里,1717,1571672,915,642,383,1159,1250.68,136.63
內湖區,金湖里,3235,7463148,2307,1273,590,2660,4370.45,189.44
內湖區,康寧里,2755,3340251,1212,841,450,1571,1480.64,122.12
內湖區,明湖里,1577,1656352,1050,730,416,1314,1420.31,135.23
內湖區,蘆洲里,334,241717,724,564,366,873,590.76,81.63
內湖區,麗山里,1905,2219849,1165,726,429,1383,2046.57,175.63
內湖區,寶湖里,2729,5519458,2023,1183,546,2455,2948.99,145.81
內湖區,南湖里,1650,2700206,1636,1114,540,2122,1863.13,113.85
內湖區,其　他,304,327245,1076,511,299,896,2301.96,213.84
內湖區,合　計,90608,113005501,1247,765,420,1469,2671.09,214.17
士林區,仁勇里,1236,1302137,1054,629,347,1220,2715.9,257.8
士林區,福林里,971,1332138,1372,678,357,1290,5672.61,413.48
士林區,福志里,2773,3892662,1404,748,409,1467,7097.33,505.59
士林區,福德里,1545,1789278,1158,735,394,1487,1256.33,108.48
士林區,福佳里,2628,3234140,1231,704,385,1396,2267.61,184.26
士林區,舊佳里,2112,2391373,1132,644,346,1287,3086.38,272.58
士林區,富光里,1634,1241018,759,586,352,940,666.75,87.79
士林區,後港里,2695,2672738,992,655,379,1196,1377.67,138.91
士林區,前港里,1458,1648613,1131,696,376,1227,2263.39,200.17
士林區,福中里,2233,2134975,956,661,383,1158,1082.77,113.25
士林區,葫蘆里,2261,1880067,832,621,366,1050,855.35,102.87
士林區,福順里,1615,1320280,818,595,356,998,870.29,106.46
士林區,葫東里,1193,966927,811,592,346,1037,836.36,103.19
士林區,社新里,2573,1977519,769,575,359,956,675.57,87.9
士林區,社子里,1924,1662292,864,601,362,1038,1355.37,156.88
士林區,永倫里,2252,1689868,750,567,348,948,672.6,89.63
士林區,翠山里,1043,1492128,1431,803,409,1535,3062.59,214.08
士林區,福安里,1107,790605,714,534,332,881,624.44,87.43
士林區,富洲里,1437,1021983,711,547,328,861,633.04,89.01
士林區,承德里,2002,2276203,1137,730,393,1336,1556.84,136.93
士林區,蘭雅里,3039,3954396,1301,757,405,1402,2887.51,221.91
士林區,德行里,1532,1591635,1039,672,365,1204,1671.45,160.88
士林區,忠誠里,2048,3443732,1682,757,409,1472,7879.81,468.61
士林區,三玉里,2176,3393437,1559,778,428,1510,5260.76,337.34
士林區,芝山里,2668,5256655,1970,775,417,1588,13653.72,692.99
士林區,岩山里,1152,1451403,1260,689,377,1344,2827.31,224.41
士林區,義信里,1053,1166553,1108,683,361,1272,1476.96,133.32
士林區,永福里,435,2254076,5182,767,418,1838,27754.47,535.62
士林區,新安里,708,2578124,3641,682,375,1474,27093.65,744.04
士林區,公館里,378,666662,1764,668,392,1245,6222.02,352.79
士林區,陽明里,978,1899867,1943,802,416,1550,5217.38,268.58
士林區,菁山里,430,1470662,3420,638,385,1081,35986.58,1052.2
士林區,平等里,359,313730,874,598,366,1020,1446.62,165.54
士林區,溪山里,336,654789,1949,580,343,968,16110.92,826.72
士林區,百齡里,2377,2021969,851,643,378,1078,825.16,97
士林區,天玉里,3058,4782889,1564,845,425,1732,3158.62,201.95
士林區,天福里,2213,2815696,1272,745,391,1469,2405.41,189.05
士林區,天祿里,1873,2415306,1290,734,404,1395,2660.53,206.32
士林區,天壽里,1864,5467833,2933,860,448,1789,44610.25,1520.78
士林區,東山里,1673,2601434,1555,778,416,1552,4390.09,282.33
士林區,福華里,1838,1466569,798,595,355,1017,742.74,93.08
士林區,聖山里,1769,2538316,1435,796,427,1582,5635.09,392.72
士林區,天和里,2735,4668806,1707,824,422,1684,7331.83,429.5
士林區,明勝里,1676,1620874,967,650,365,1215,1090.37,112.75
士林區,社園里,2117,1656528,782,571,364,953,753.71,96.32
士林區,蘭興里,2300,3203202,1393,832,429,1631,2214.2,158.99
士林區,天母里,2428,5327118,2194,839,401,1797,10344.45,471.48
士林區,名山里,2588,3358696,1298,790,409,1513,2170.95,167.28
士林區,德華里,1878,2009915,1070,684,368,1253,3403.08,317.97
士林區,天山里,2472,3515864,1422,790,394,1632,2430.63,170.9
士林區,臨溪里,1066,2342041,2197,828,425,1739,5311.51,241.76
士林區,其　他,357,292299,819,484,265,889,1124.6,137.35
士林區,合　計,90266,118918018,1317,689,383,1309,8746.91,663.94
北投區,湖山里,523,689767,1319,614,375,1130,7100.61,538.39
北投區,永欣里,2853,5845914,2049,1059,492,2352,5348.9,261.04
北投區,泉源里,658,664402,1010,584,359,1068,2468.2,244.44
北投區,一德里,2128,2076390,976,629,356,1133,1416.09,145.13
北投區,關渡里,3421,3437669,1005,641,366,1161,1732.24,172.38
北投區,桃源里,1897,1741796,918,609,368,1136,1304.82,142.11
北投區,文化里,1372,1553759,1132,868,434,1531,1160.06,102.44
北投區,永和里,3062,4596960,1501,813,413,1614,3897.72,259.62
北投區,立農里,2898,2844690,982,670,378,1267,1136.42,115.77
北投區,清江里,2570,2305736,897,621,356,1083,1220.53,136.04
北投區,八仙里,1768,1860333,1052,647,383,1257,1378.97,131.05
北投區,洲美里,607,475581,783,554,333,953,794.68,101.43
北投區,中和里,1691,1725134,1020,671,377,1200,1308.55,128.27
北投區,開明里,2117,2570956,1214,678,374,1295,3563.91,293.46
北投區,長安里,1870,1746423,934,631,355,1128,1127.79,120.76
北投區,大同里,1934,2110861,1091,649,368,1287,1769.08,162.09
北投區,福興里,2293,2320753,1012,684,395,1315,1117.06,110.37
北投區,石牌里,1849,1831959,991,681,400,1230,1336.95,134.94
北投區,奇岩里,3191,5872618,1840,696,373,1340,32771.28,1780.69
北投區,稻香里,1579,1461138,925,629,367,1123,1237.13,133.69
北投區,中央里,2802,3006807,1073,692,380,1266,1602.58,149.34
北投區,溫泉里,2192,2206838,1007,661,381,1228,1272.33,126.38
北投區,立賢里,1792,1687347,942,649,367,1208,954.73,101.39
北投區,中心里,2112,2341365,1109,668,377,1271,1855.38,167.36
北投區,智仁里,1882,1638950,871,628,395,1137,763.69,87.69
北投區,吉利里,2216,2309619,1042,721,407,1357,1269.78,121.83
北投區,尊賢里,1504,1434199,954,673,397,1197,988.26,103.64
北投區,東華里,1455,1568597,1078,688,383,1317,1308.25,121.35
北投區,吉慶里,1660,1685899,1016,724,388,1303,1062.27,104.6
北投區,中庸里,1375,1282769,933,622,356,1108,1488.94,159.6
北投區,秀山里,1018,838646,824,592,356,1012,778.12,94.45
北投區,建民里,1331,1436550,1079,692,391,1334,1254.22,116.21
北投區,榮光里,2316,2265841,978,683,387,1220,1121.28,114.61
北投區,裕民里,2622,3428292,1308,737,395,1400,2105.64,161.04
北投區,振華里,2679,3017743,1126,713,383,1399,1402.89,124.54
北投區,榮華里,2719,4468593,1643,848,438,1677,6179.88,376.03
北投區,豐年里,1399,1152844,824,604,361,1085,739.47,89.74
北投區,林泉里,1025,898033,876,639,377,1147,830.94,94.84
北投區,永明里,1576,1855259,1177,782,434,1467,1215.05,103.22
北投區,文林里,1474,1660724,1127,740,399,1379,1430.47,126.96
北投區,大屯里,346,498508,1441,570,333,1059,5091.59,353.39
北投區,湖田里,249,271870,1092,589,340,1058,2723.02,249.4
北投區,其　他,151,111765,740,443,302,820,930.25,125.68
北投區,合　計,78176,88799898,1136,683,383,1285,7014.1,617.49
信義區,松友里,2281,2266367,994,710,400,1271,959.87,96.61
信義區,六藝里,1179,1119462,950,687,370,1234,921.82,97.08
信義區,中興里,1277,1546699,1211,774,389,1520,1550.48,128.01
信義區,永吉里,953,752690,790,576,328,980,851.62,107.83
信義區,敦厚里,1962,2123723,1082,744,415,1403,1160.24,107.19
信義區,大道里,2182,2182465,1000,675,393,1256,1054.06,105.38
信義區,安康里,3769,12991042,3447,978,459,2113,21511.16,624.09
信義區,嘉興里,1174,1236708,1053,670,370,1196,2556.2,242.66
信義區,五全里,1743,1878486,1078,657,372,1216,2298.15,213.24
信義區,新仁里,1235,1617879,1310,885,423,1658,1523.81,116.32
信義區,正和里,1650,2189596,1327,789,391,1589,2039.05,153.66
信義區,惠安里,2189,2139872,978,673,390,1235,1058.76,108.31
信義區,三犁里,1884,4048662,2149,803,415,1746,9007.29,419.14
信義區,六合里,2399,3605971,1503,784,410,1587,5953.78,396.1
信義區,泰和里,2531,2392153,945,656,381,1168,1023.02,108.24
信義區,西村里,1682,1859226,1105,737,400,1431,1182.73,107
信義區,興隆里,1034,5877538,5684,828,394,1806,91986.83,1618.27
信義區,景新里,1820,5197186,2856,848,418,1830,17155.77,600.78
信義區,景聯里,1717,1922737,1120,716,372,1383,1612.93,144.03
信義區,景勤里,1314,1243520,946,680,382,1210,1016.16,107.38
信義區,黎順里,1406,1434107,1020,657,377,1291,1073.07,105.2
信義區,黎平里,2518,2658429,1056,724,404,1346,1139,107.88
信義區,黎忠里,1585,1503206,948,697,406,1164,923.79,97.41
信義區,松隆里,686,552816,806,572,362,1022,817.01,101.38
信義區,中坡里,1529,1515153,991,628,368,1135,2067.88,208.68
信義區,永春里,1595,1430615,897,636,366,1121,983.76,109.68
信義區,富臺里,1536,1769654,1152,773,397,1436,1470.2,127.61
信義區,長春里,1249,1084448,868,614,361,1081,927.62,106.84
信義區,五常里,1288,1384501,1075,675,381,1205,1834.81,170.69
信義區,四維里,1819,1979288,1088,696,384,1291,1527.19,140.35
信義區,雅祥里,1643,1769831,1077,687,400,1237,1621.06,150.49
信義區,興雅里,2064,2285570,1107,735,387,1365,1390.8,125.6
信義區,廣居里,2794,3565958,1276,817,416,1598,1614.59,126.51
信義區,中行里,2552,2315851,907,637,381,1130,944.24,104.05
信義區,四育里,1871,1745659,933,667,386,1231,913.23,97.88
信義區,國業里,2598,3257109,1254,781,430,1546,3075.06,245.28
信義區,松光里,1768,1803283,1020,708,398,1280,1096.84,107.54
信義區,大仁里,1292,1128086,873,619,357,1124,847.23,97.03
信義區,雙和里,2452,2538842,1035,717,411,1319,1068.32,103.18
信義區,黎安里,444,321445,724,530,325,881,707.15,97.68
信義區,三張里,3094,4116989,1331,699,389,1357,3619.03,271.98
信義區,其　他,218,245640,1127,552,300,1055,1994.69,177.02
信義區,合　計,73976,98598465,1333,715,392,1356,12455.44,934.5
其　他,其　他,448,505957,1129,675,380,1228,2588.88,229.23
,合　計,448,505957,1129,675,380,1228,2588.88,229.23
